,Average_score,Episode
0,0.0,0.0
1,1.32,300.0
2,1.16333333333,600.0
3,1.27666666667,900.0
4,1.34666666667,1200.0
5,1.26,1500.0
6,1.30666666667,1800.0
7,1.19666666667,2100.0
8,1.23666666667,2400.0
9,1.35,2700.0
10,1.42333333333,3000.0
11,1.52666666667,3300.0
12,1.3,3600.0
13,1.25666666667,3900.0
14,1.44666666667,4200.0
15,1.35333333333,4500.0
16,1.2,4800.0
17,1.43666666667,5100.0
18,1.24,5400.0
19,1.22333333333,5700.0
20,1.40666666667,6000.0
21,1.27,6300.0
22,1.21666666667,6600.0
23,1.42,6900.0
