,Average_score,Episode
0,0.0,0.0
1,300.0,1.37
2,300.0,1.36333333333
3,600.0,1.40666666667
4,900.0,1.31
5,1200.0,1.4
6,1500.0,1.32666666667
7,1800.0,1.38
8,2100.0,1.30333333333
9,2400.0,1.53666666667
10,2700.0,1.37333333333
11,3000.0,1.17666666667
12,3300.0,1.20333333333
13,3600.0,1.34666666667
14,3900.0,1.41333333333
15,4200.0,1.13333333333
16,4500.0,1.33
17,4800.0,1.23666666667
18,5100.0,1.26
19,5400.0,1.37
20,5700.0,1.18
21,6000.0,1.40666666667
22,6300.0,1.24
23,6600.0,1.36333333333
