,Average_score,Episode
0,0.0,0.0
1,300.0,1.37
2,300.0,1.36333333333
3,600.0,1.40666666667
4,900.0,1.31
5,1200.0,1.4
